{"cameraMode":{"drawMode":0,"name":"Shaded","section":"Shading Mode"},"sceneLighting":false,"audioPlay":false,"sceneViewState":{"m_AlwaysRefresh":false,"showFog":true,"showSkybox":false,"showFlares":true,"showImageEffects":true,"showParticleSystems":true,"showVisualEffectGraphs":true,"m_FxEnabled":true},"in2DMode":false,"pivot":{"x":48.26000213623047,"y":34.642093658447269,"z":3.6500000953674318},"rotation":{"x":0.05584748089313507,"y":0.8675804734230042,"z":-0.10012496262788773,"w":0.4839198589324951},"size":2.741903781890869,"orthographic":true}