{"cameraMode":{"drawMode":0,"name":"Shaded","section":"Shading Mode"},"sceneLighting":false,"audioPlay":false,"sceneViewState":{"m_AlwaysRefresh":false,"showFog":true,"showSkybox":false,"showFlares":true,"showImageEffects":true,"showParticleSystems":true,"showVisualEffectGraphs":true,"m_FxEnabled":true},"in2DMode":false,"pivot":{"x":-1.7026770114898682,"y":22.610000610351564,"z":-0.6961472034454346},"rotation":{"x":0.052698660641908649,"y":-0.9191266298294067,"z":0.13188308477401734,"w":0.36754098534584048},"size":5.670148849487305,"orthographic":true}