{"cameraMode":{"drawMode":0,"name":"Shaded","section":"Shading Mode"},"sceneLighting":false,"audioPlay":false,"sceneViewState":{"m_AlwaysRefresh":false,"showFog":true,"showSkybox":false,"showFlares":true,"showImageEffects":true,"showParticleSystems":true,"showVisualEffectGraphs":true,"m_FxEnabled":true},"in2DMode":false,"pivot":{"x":29.30000114440918,"y":-11.700000762939454,"z":-1.3062019348144532},"rotation":{"x":-0.04138824716210365,"y":0.9582088589668274,"z":-0.18869797885417939,"w":-0.21118462085723878},"size":42.710975646972659,"orthographic":true}