{"cameraMode":{"drawMode":0,"name":"Shaded","section":"Shading Mode"},"sceneLighting":false,"audioPlay":false,"sceneViewState":{"m_AlwaysRefresh":false,"showFog":true,"showSkybox":false,"showFlares":true,"showImageEffects":true,"showParticleSystems":true,"showVisualEffectGraphs":true,"m_FxEnabled":true},"in2DMode":false,"pivot":{"x":31.682449340820314,"y":34.813899993896487,"z":-3.6044788360595705},"rotation":{"x":-0.09366166591644287,"y":0.047185346484184268,"z":-0.004415769129991531,"w":-0.9945365786552429},"size":1.7813597917556763,"orthographic":true}