{"cameraMode":{"drawMode":0,"name":"Shaded","section":"Shading Mode"},"sceneLighting":false,"audioPlay":false,"sceneViewState":{"m_AlwaysRefresh":false,"showFog":true,"showSkybox":false,"showFlares":true,"showImageEffects":true,"showParticleSystems":true,"showVisualEffectGraphs":true,"m_FxEnabled":true},"in2DMode":false,"pivot":{"x":32.12275695800781,"y":34.851924896240237,"z":-3.1866626739501955},"rotation":{"x":0.21277324855327607,"y":-0.027843300253152849,"z":0.006065494380891323,"w":0.9766896367073059},"size":1.7232507467269898,"orthographic":true}